country_e;gmi1990;gmi1991;gmi1992;gmi1993;gmi1994;gmi1995;gmi1996;gmi1997;gmi1998;gmi1999;gmi2000;gmi2001;gmi2002;gmi2003;gmi2004;gmi2005;gmi2006;gmi2007;gmi2008;gmi2009;gmi2010;gmi2011;gmi2012;iso3_code
Afghanistan;;;;;;;;;;;;;;487,88;357,09;297,42;317,54;316,85;308,1;409,92;477,57;511,79;490,58;AFG
Albania;756,25;792,18;799,88;753,72;717,03;710,64;686,55;680,67;660,75;502,54;571,96;541,45;533,15;512,58;501,19;498,44;469,09;473,33;409,01;412,32;400,66;393,73;396,59;ALB
Algeria;506,22;528,04;569,61;571,64;599,99;595,35;603,45;633,01;635,41;648,41;652,52;659,08;658,4;644,2;638,05;634,31;629,19;625,45;620,34;635,54;629,66;640,26;637,22;DZA
Angola;;604,77;609,79;816,97;845,59;700,56;672,95;677,17;607,77;792,56;731,58;697,21;677,17;686,72;643,04;642,04;621,91;589,46;588,7;581,86;583,59;563,03;555,37;AGO
Argentina;460,02;443,03;429,79;425,83;431,37;430,76;421,17;414,07;412,12;412,85;330,2;333,35;395,59;380,52;369,91;363,85;358,97;355,09;351,29;362,37;359,78;355,11;360,82;ARG
Armenia;;;947,89;752,99;770,99;756,05;732,25;749,79;735,59;743,21;733,44;720,21;720,67;711,8;704,08;716,81;714,76;702,98;695,81;722,45;725,62;716,06;724,12;ARM
Australia;516,5;522,84;527,95;536,33;528,89;525,59;520,99;515,66;526,4;519,52;511,86;520,15;513,85;502,46;488,48;485,66;497,59;491,06;492,43;499,29;481,3;461,27;463,77;AUS
Austria;541,82;540,56;528,84;524,1;521,01;512,66;511,47;521,55;523,05;525,92;524,83;519,92;511,55;500,22;494,91;496,83;495,19;491,58;497,41;485,9;480,35;471,34;444,99;AUT
Azerbaijan;;;800,49;801,12;724,81;712,43;683,01;675,29;667,59;680,42;683,96;694,41;678,83;673,98;671,52;658,88;683,93;663,92;668,38;653,36;639,83;672,68;673,32;AZE
Bahrain;547,7;660,95;674,82;711,67;708,54;709,76;714,03;690,29;691,49;693,29;686,28;677,07;686,56;685,84;681,56;655,7;649,38;627,68;619,61;635,14;625,5;626,82;645,23;BHR
Bangladesh;321,39;322,6;334,62;343,3;352,72;348,01;345,89;353,61;353,4;365,73;370,1;368,04;362,87;356,11;352,41;349,61;349,46;352,47;351,93;354,05;358,15;360,63;355,4;BGD
Belarus;;;707,9;748,87;730,37;687,21;570,59;604,06;596,41;642,09;662,43;665,88;656,57;643,42;643,46;643,43;652,06;645,76;631,73;638,01;623,03;625,98;621,01;BLR
Belgium;625,03;613,75;593,06;593,47;557,54;548,3;520,51;541,36;533,26;532,66;537,59;525,5;517,38;469,27;460,02;444,07;402,94;400,22;401,04;394,9;397,16;378,44;379,07;BEL
Belize;416,88;412,34;429,35;443,48;458,61;456,06;455,01;464,21;460,31;320,7;312,9;309,45;307,33;306,58;308,8;310,8;312,43;258,77;325,54;316,99;305,28;304,76;300,89;BLZ
Benin;386,64;395,57;385,67;393,86;;;;;;361,1;359,69;345,95;378,99;348,43;346,47;342,33;338,1;332,14;318,13;329,86;329,67;320,79;338,99;BEN
Bolivia;513;507,05;505,64;499,61;512,45;509,98;503,56;500,83;508,58;483,08;484,96;491,55;488,09;499,42;493,45;482,57;492,88;492,31;488,75;479,83;469,34;457,85;453,08;BOL
Bosnia and Herzegovina;;;;;;;;;;;;;;;;610,94;456,25;458,52;446,94;466,37;462,03;447,37;461,56;BIH
Botswana;543,05;551,95;459,91;551,81;545,59;548,62;540,48;548,17;578,7;562,11;569,51;581,48;585,9;559,88;527,61;525,96;538,71;537,91;549,2;553,87;531,93;519,22;516,87;BWA
Brazil;573,9;502,2;491,55;506,18;512,97;498,31;485,39;483,25;490,86;516,06;517,83;539,62;547,01;529,36;520,56;502,12;480,29;477,4;468,02;474,37;461,19;449,45;454,89;BRA
Brunei;601,36;692,84;683,15;739,15;742,42;715,71;710,59;736,3;741,31;724,93;707,74;705,63;709,69;704,58;676,65;681,14;680,4;670,48;661,09;669,56;667,65;648,39;645,37;BRN
Bulgaria;801,04;923,61;819,69;829,79;779,91;742,66;751,76;743,28;737,21;736,98;742,37;741,96;730,83;708,11;697,12;691,81;685,17;673,85;637,1;621,98;611,19;606,57;555,72;BGR
Burkina Faso;395,85;384,45;287,98;286,35;304,37;382,76;374,09;375,76;376,03;376,24;387,88;382,06;377,7;326,89;323,21;315,08;314,73;320,43;304,47;298,46;305,2;307,22;317,6;BFA
Burundi;468,33;466,72;476,03;493,82;499,97;470,48;492,57;493,53;534,63;570,14;567,11;585,43;588,99;616,58;579,71;562,43;528,97;529,37;497,13;494,12;483,13;474,37;469,95;BDI
Cambodia;482,01;414,65;546;524,85;567,26;586,11;565,39;569,48;556,69;556,85;568;555,91;543,21;535,81;526,21;520,82;532,34;521,66;503,93;545,39;520,23;512,41;513,18;KHM
Cameroon;348;345,54;350,79;353,06;381,26;387,24;368,2;384,57;396,08;397,68;404,32;400,81;401,42;393,51;376,36;373,99;375,79;370,71;365,34;370,63;382,01;367,22;369,93;CMR
Canada;478,5;479,84;483,87;489,29;490,07;483,56;474,47;467,94;470,61;468,86;462,84;457,36;451,02;442,85;432,88;433,89;434,82;441,33;440,23;432,91;422,55;416,03;411,39;CAN
Cape Verde;;443,24;394,13;390,33;399,01;202,33;260,37;264,17;264,5;267,98;312,43;282,24;268,98;256,27;236,79;240,61;228,64;210,79;205,29;202,66;202,89;364,07;366,37;CPV
Central African Republic;;398,01;401,63;401,45;423,49;399,29;404,33;408,05;405,4;402,84;;;387,68;384,22;362,17;356,76;362,55;351,78;378,92;392,89;423,55;417,02;418,75;CAF
Chad;;;;383,38;491,32;475,5;480,57;461,79;449,62;482,81;497,15;487,87;469,46;451,37;426,39;407,73;402,66;524,43;536,43;536,85;491,15;480,55;475,92;TCD
Chile;624,06;599,13;586,8;593,3;578,48;567,43;566,92;567,09;570,35;582,03;582,27;594,54;602,22;599,4;599,07;591,5;584,01;571,73;567,62;556,94;548,95;543,9;531,83;CHL
China;459,61;461,31;463,29;399,28;402,15;486,85;481,12;478,61;483,17;485,6;466,83;484,42;482,32;480,3;485,93;485,22;486,29;479,08;459,6;454,38;441,26;432,77;431,48;CHN
Colombia;501,33;503,98;510,6;525,56;502,31;509,35;531,51;502,29;516,01;530,33;539,53;545,13;552,95;565,37;555,41;540,52;549,92;536,53;540,37;542,84;528,94;532,29;539,47;COL
Congo, Democratic Republic of the ;;;;;;;199,84;343,42;278,26;383,11;322,64;360,31;350,2;394,35;394,84;402;388,03;427,81;391,88;368,28;384,09;388,26;387,5;COD
Congo, Republic of;;;;;;;;;;;;515,14;519,89;516,55;497,74;483,07;466,32;476,09;467,75;478,57;459,64;441,25;444,12;COG
Cote D'Ivoire;276,33;282,78;279,04;281,49;294,51;278,94;266,1;266,83;259,24;265,67;282,36;;;321,84;396,98;392,45;387,17;383,54;370,55;380,69;376,55;360,39;373,53;CIV
Croatia;;;761,77;802,42;813,11;811,13;804,78;819,72;771,52;756,75;729,99;699,93;694,56;631,4;612,48;610,53;606,18;579,13;552,01;553,15;547,71;548,15;549,18;HRV
Cyprus;788,3;796,39;820,95;771,47;764,65;739,94;771,84;783,89;770;737,32;734,57;745,17;709,6;691,03;683,81;685,91;679,63;666,08;652,61;657,92;660,78;665,1;666,67;CYP
Czech Republic;;;;;;556,44;547,95;550,96;551,27;555,89;563,76;551,28;537,34;539,7;512,23;481,21;458,58;437,21;410,8;407,77;409,44;400,18;403,49;CZE
Denmark;594,48;601,95;607,43;612,35;605,71;592,95;590,55;599,9;601,02;583,57;584,28;586,11;583,49;567,68;543,45;538,93;529,21;532,57;524,9;514,84;506,87;509,84;512,99;DNK
Djibouti;;653,52;661,37;665,87;647,69;647,75;635,31;630,25;622,45;614,52;612,07;610,6;623,87;631,71;596,32;597,7;595,12;557,26;543,43;545,47;539,71;532,46;;DJI
Dominican Republic;345,4;310,1;341,71;364,21;361,09;335,76;346,26;353,45;353,86;356,66;370,68;382,13;376,83;368,69;362,86;346,76;339,53;331,41;336,46;337,68;315,74;307,34;305,45;DOM
Ecuador;550,89;546,8;537,7;543,81;526,88;553,63;536,96;537,48;542,71;548,12;554,82;539,68;535,04;540,84;523,39;537,03;524,27;535,4;537,1;546,29;539,79;539,04;523;ECU
Egypt;669,14;715,27;723,66;702,33;678,79;655,74;644,44;638,13;634,12;631,34;626,09;637,43;645,29;665,47;665,66;659,4;648,8;640,31;621,74;607,24;594,12;583,31;578,44;EGY
El Salvador;552,16;545,73;520,74;497,11;478,78;462;453,14;443,2;432,66;433,39;418,62;423,3;425,01;455,07;443,23;440,12;439,07;436,33;438,75;439,55;437,21;439,9;431,58;SLV
Equatorial Guinea;;;;;569,59;493,1;464,28;423,85;429,9;;;;;;;;;447,81;446,33;500,56;494,21;474,92;472,64;GNQ
Eritrea;;;;634,15;603,07;770,97;774,73;750,3;932,71;992,85;1000;967,7;964,31;960,8;934,82;933,69;923,04;;;;;;;ERI
Estonia;;;;373,67;369,09;475,06;465,03;506,21;516,5;533,88;547,06;558,55;574,21;564,67;549,21;559,92;574,57;566,56;567,75;569,45;563,37;560,56;578,95;EST
Ethiopia;523,85;426,14;287,35;328,51;430,02;433,08;442,06;484,3;538,7;621,47;603,16;556,03;546,41;512,45;514,78;502,07;473,64;446,44;413,33;397,18;399,25;394,51;371,22;ETH
Fiji;413,96;414;399,24;398,77;393,38;395,59;389,84;381,11;400,03;395,73;425;435,71;420,37;403,48;399,2;386,99;400,98;417,1;380,4;398,81;387,26;376,26;372,52;FJI
Finland;599,07;617,03;629,93;652,46;643,38;624,44;626,88;638,1;635,54;628,01;635,87;633,4;629,51;620,58;621,78;601,02;594,83;580,95;580,99;590,76;583,4;578,33;584,26;FIN
France;598,83;600,15;592,8;597,03;592,66;580,51;578,74;583,17;573,94;578,38;585,29;583,28;537,2;523,78;519,28;509,77;508,27;511,29;510,47;518,94;498,77;491,68;494,33;FRA
Gabon;;;;;;;;;;;527,17;528,6;522,84;503,43;494,44;478,09;472,41;454,1;439,13;450,1;436,46;419,51;466,81;GAB
Gambia;98,07;99,13;91,15;158,72;159,04;154,66;175,06;171,79;167,07;158,16;165,93;157;169,71;157,95;144,66;162,85;190,29;209,31;186,19;186,66;181,49;;;GMB
Georgia;;;;;;;604,39;561,49;568,8;574,64;548,49;556,44;578,35;579,9;587,92;522,38;546,86;598,63;571,83;542,14;527,8;509,9;501,35;GEO
Germany;;583,34;571,27;544,82;524,01;513,23;510,07;514,89;504,53;509,38;517,16;513,54;511,01;494,17;493,37;493,55;466,95;459,84;457,55;461,9;438,05;412,13;407,51;DEU
Ghana;172,98;184,7;114,42;144,18;160,43;162,14;217,06;207,38;217,93;219,7;283,52;246,56;234,11;237,39;205,6;190,23;217,95;236,65;221,6;249,57;236,69;209,04;221,56;GHA
Greece;727,78;720,7;718,33;726,42;721,69;703,99;703,05;705,78;710,92;711,99;725,36;720,4;713,24;686,05;683,12;682,61;670,73;664,42;660,89;667,2;651,66;640,1;654,68;GRC
Guatemala;545,37;476,7;491,61;525,84;519,52;492,34;479,28;467,58;453,29;447,51;466,93;468,46;440,78;441,91;397,97;375,26;372,71;364,21;360,69;354,58;352,18;346,39;353,28;GTM
Guinea;;338,94;328,86;319,09;315,89;373,19;371,53;373,15;383,12;405,42;415,07;463,37;465,97;450,51;437,24;454,63;455,72;428,58;;;;;;GIN
Guinea-Bissau;388,51;390,79;401,53;;450,63;412,66;391,1;422,84;468,87;473,3;577,15;541,7;529,86;522,22;518,93;536,51;535,6;521,85;506,81;493,89;489,43;481,64;486,41;GNB
Guyana;367,85;366,42;393,3;402,05;376,72;351,53;338,61;342,45;345,67;351,9;384,44;395,71;400,57;398,64;397,18;430,76;430,46;432,38;423,58;425,32;421,37;421,63;379,4;GUY
Honduras;;;;;;;;;;;436,39;440,31;436,62;448;420,95;418,22;420,9;422,82;429,14;429,96;426,58;430,11;422,7;HND
Hungary;686,83;670,63;660,28;648,27;634,35;605,72;609,52;623,91;593,4;604,34;614,23;605,87;586,91;574,67;542,3;526,07;520,76;513,8;470,65;472,44;467,42;448,13;444,5;HUN
Iceland;;;;;;;;;;;;;;;;;;;;26,02;12,36;0;10,4;ISL
India;463,15;469,05;489,75;503,55;484,67;493,82;495,49;494,93;493,8;501,75;501,69;501,66;501,28;494,45;490,68;497,33;489,39;476,56;479,67;488,96;471,95;467,21;461,73;IND
Indonesia;381,77;385,38;388,77;383,74;433,94;428,22;427,06;433,79;474,03;424,62;415,97;421,25;441,01;447,47;452,95;433,56;417,87;408,65;396,69;394,2;386,13;384,55;410,69;IDN
Iran;575,47;571,79;467,83;603,69;659,83;628,78;620,06;628,98;626,83;645,2;674,26;670,78;650,18;650,28;664,81;649,17;655,11;627,31;596,66;590,95;583,24;571,7;564,5;IRN
Iraq;;;;;;;;;;;;;;;512,37;387,9;363,85;520,19;551,93;551,53;515,35;542,69;530,93;IRQ
Ireland;413,3;414,47;466,91;474,59;473,07;461,75;456,92;454,8;444,04;443,15;445,8;439,19;413,22;391,87;380,63;376,83;376,32;367,69;367,85;371,74;375,28;365,08;342,8;IRL
Israel;892,02;906,03;873,8;883,24;871,42;851,92;851,3;851,51;850,81;849,55;844,94;845,57;859,73;857,62;853,27;844,63;844,69;840,93;825,71;826,71;816,44;795,86;794,13;ISR
Italy;523,45;518,45;575,06;591,7;585,33;576,62;575,65;580,69;569,06;548,41;552,89;551,09;546,13;533,04;525,78;504,7;503,63;486,51;486,99;489,28;479,43;485,19;473,76;ITA
Jamaica;335,94;330,85;364,22;337,64;321,23;327,51;310,95;304,55;292,3;284,92;280,16;286,85;297,93;311,2;267,72;264,7;273,73;276,52;296,8;303,87;288,85;290,29;283,99;JAM
Japan;377,42;372,86;374,96;369,08;365,6;361,82;370,67;378,02;385,69;378,4;375,4;384,65;388,55;384,82;378,42;380,69;385,82;386,42;376,12;372,4;375,23;371,46;374,11;JPN
Jordan;702,19;799,29;772,98;776,27;767,12;738,59;756,2;754,68;753,67;754,06;753,67;741,74;734,37;741,24;730,47;724,17;720,38;741,72;734,63;728,13;717,61;702,78;694,45;JOR
Kazakhstan;;;;582,1;514,03;485,37;469,16;461,19;471,85;488,44;494,51;602,42;599,08;598,44;583,44;493,35;482,53;497,8;473,82;476,05;466,8;461,51;489,9;KAZ
Kenya;451,91;441,46;431,88;430,18;406,61;395,47;408,5;400,44;390,99;395,57;398,76;408,63;410,54;401,73;397,09;388,57;375,24;370,87;363,82;374,46;374,41;360,93;352,38;KEN
Korea, Republic of;718,68;711,73;714,97;712,73;704,26;694,95;693,95;702,32;725,84;705,79;701,7;704,71;698,46;692,47;687,83;682,15;681,33;678,52;690,48;696,71;680,8;677,88;678,79;KOR
Kuwait;843,34;869,9;866,91;804,03;810,42;801,01;782,45;770,88;764,76;756,37;760,46;756,74;756,08;748,59;757;735,13;717,1;716,96;696,13;696,38;693,53;677,7;666,05;KWT
Kyrgyzstan;;;525,42;534,36;516,69;517,55;510,87;600,8;588,46;598,38;626,06;614,17;623,56;620,3;619,07;538,34;533,14;528,62;516,94;521,79;530,29;516,85;514,51;KGZ
Laos;;;681,45;674,55;667,6;646,86;607,77;592,94;597,35;548,15;522,76;513,16;499,32;474,89;469,1;462,54;446,19;436,01;421,77;404,07;406,78;386,73;377,76;LAO
Latvia;;;;399,69;353,27;480,55;437,88;429,13;428,91;449,42;463,48;484,46;505,93;500,74;492,53;464,93;467,17;495,74;486,39;430,03;417,54;402,56;414,25;LVA
Lebanon;709,75;665,2;678,38;663,07;672,42;661,87;646,24;616,48;610,64;634,22;645,5;647,1;638,71;638,27;634,42;638,46;633,52;628,48;615,11;619,35;620,1;616,88;614,1;LBN
Lesotho;454,71;438,8;435,56;428,92;439,77;442,59;439,25;437,09;445,92;464,01;465,19;481,74;472,28;440,93;348,69;346,46;345,47;341,24;320,38;347,09;342,95;315,54;313,22;LSO
Liberia;;;;;;;;;;;;;;198,16;252,15;321,57;180,75;144,42;145,12;172,48;171,54;180,85;176,14;LBR
Libya;;;;;;;;644,12;658,83;629,47;638,46;638,8;695,73;702,1;707,49;689,16;672,73;654,25;668,9;679,41;661,89;490,02;486,22;LBY
Lithuania;;;;;;396,72;388,89;405,76;471,52;464,2;507,32;553,28;563,82;551,69;542,68;528,06;532,28;515,07;505,51;500,62;495,93;487,57;492,47;LTU
Luxembourg;343,94;349;345,63;338,88;339,28;327,61;330,9;345,07;346,83;225,13;228,22;246,01;227,39;216,39;208,5;204,02;196,62;189,6;180,87;182,91;195,06;365,22;367,37;LUX
Macedonia;;;;;;;541,66;537,44;546,99;528,12;652,84;735,13;663,95;623,71;613,39;526,64;598,09;598,5;581,96;543,58;532,8;501,59;511,56;MKD
Madagascar;395,73;418,11;375,57;406,78;405,26;382,12;398,2;420,91;402,3;397,86;392,39;388,62;367,35;364,56;369,92;347,39;337,01;336,39;326,42;307,58;289,35;284,72;280,16;MDG
Malawi;287,02;265,96;295,73;327,97;365,14;281,92;227,03;232,53;243,38;235,91;227,93;243,97;220,16;229,72;247,73;278,18;253,82;252,94;248,85;249,45;245,07;220,09;253,25;MWI
Malaysia;569,19;582,87;581,65;583,39;584,43;573,79;552,67;549,45;548,2;559,18;542,44;553,13;555,52;570,13;566,53;564,94;556,59;553,77;536,09;534,93;512,34;513;503,84;MYS
Mali;308,64;308,01;307,89;306,12;322,65;392,58;373,73;391,61;389,5;397,84;417,77;411,86;407,33;395,92;383,01;379,89;377,36;367,16;366,01;368,23;373,82;356,89;317,95;MLI
Malta;;;;;;254,08;257,59;256,18;244,73;241,93;245,25;247,8;238,89;228,02;225,46;239,95;222,55;337,22;232,14;241,16;242,74;230,59;235,25;MLT
Mauritania;388,11;377,43;373,41;383,77;379,27;505,83;525,13;537,79;517,61;538,96;565,37;592,15;561,35;588,62;576,9;560,01;555,04;546,75;542,63;546,45;526,22;519,03;517,91;MRT
Mauritius;;;;;;251,34;258,79;245,69;241,45;239,53;238,04;257,81;263,12;321,69;239,95;242,24;237,54;226,15;220,22;228,93;214,39;209,42;235,03;MUS
Mexico;353,94;330,34;327,87;320,97;337,54;362,04;361,69;362,18;366,3;357,64;349,12;345,94;342,04;343,92;327,95;326,12;297,39;302,65;301,07;323,4;338,56;335,72;339,36;MEX
Moldova;;;;567,42;521,36;531,68;515,51;520,57;501,11;520,17;491,03;487,4;484,4;478,74;442,9;453,99;460,15;446,83;442,66;412,96;387,36;377,7;368,02;MDA
Mongolia;713,94;685,59;671,73;713,47;693,48;698,87;694,01;676,57;679,3;683,62;690,97;677,26;670,42;648,57;649,61;636,16;632,91;635,72;612,4;595,67;590,7;590,02;595,51;MNG
Montenegro;;;;;;;;;;;;;;;;;554,36;526,24;515,32;518,82;522,58;511,72;511,24;MNE
Morocco;644,71;645,94;551,34;661,1;653,69;644,86;640,25;646,28;634,26;622,78;612,1;652,19;639,35;629,69;620,09;617,06;613,27;603,9;602,21;604,02;606,89;602,78;609,95;MAR
Mozambique;421,67;440,04;471,56;477,71;484,85;392,95;369,41;363,6;361,88;366,77;360,71;401,48;394,31;377,25;382,06;353,93;342,89;344,74;336,74;339,75;347,07;327,02;315,12;MOZ
Namibia;322,58;381,68;359,95;476,88;455,25;460,83;467,14;476,18;503,15;528,92;540,47;559,47;563,18;535,63;518,78;518,23;517;515,76;527,66;534,62;538,26;531,4;532,13;NAM
Nepal;301,48;291,98;306,06;305,93;328,27;332,13;330,91;335,93;332,08;338,55;344,23;357,37;409,76;425,14;418,4;417,49;408,9;398,58;390,14;406,39;396,21;388,52;426,96;NPL
Netherlands;506,65;504,53;500,15;495,64;483,53;546,8;533,75;539,48;535,21;532,71;519,09;516,02;507,3;493,84;480,28;476,77;469,07;459,77;400,1;407,34;387,86;381,4;385,69;NLD
New Zealand;498,94;498,04;496,71;491,11;479,51;468,55;463,31;443,98;456,07;450,05;453;453,34;436,23;433,97;409,83;421,05;405,27;393,21;397,83;407,97;398,01;386,74;379,99;NZL
Nicaragua;696,62;552,11;521,63;514,19;511,58;456,96;443,99;452,5;436,03;378,7;385,81;378,04;390,7;398,5;386;381,81;380,97;373,08;357,35;354,3;354,95;357,86;368,76;NIC
Niger;;;;;268,59;343,6;334,89;341,26;345,07;356,11;365,17;369,25;339,88;324,6;332,27;308,12;302,46;292,27;294,28;294,23;286,11;273,17;298,04;NER
Nigeria;346,65;355,77;354,25;406,01;373,74;339,38;306,98;332,51;350,07;389,31;344,82;397,57;413,3;357,9;336,01;312,17;305,69;295,67;302;317,77;344,18;314,52;298,16;NGA
Norway;644,61;644,85;647,69;652,05;651,52;622,77;621,78;625,64;621;621,65;609,83;607,51;609,38;596,13;596,48;583,59;571,45;545,86;526,73;541,84;538,78;527,02;527,39;NOR
Oman;554,41;553,52;558,22;554,41;558,28;706,1;698,76;700,65;699,37;699,13;704,77;717,55;715,53;716,27;716,16;719,49;716,68;707,35;682,6;682,99;676,44;653,54;665,48;OMN
Pakistan;629,31;628,21;630,77;619,64;618,3;613,15;608,54;609,06;607,03;609,74;617,31;622,82;628,63;623,6;616,97;552,09;544,01;535,43;520,69;525,37;523,99;520,78;515,29;PAK
Panama;;;;;;;255,87;289,35;275,28;250,3;;;;;;;;;;;;;;PAN
Papua New Guinea;335,15;303,24;300,66;276,39;269,58;278,01;254,04;279,89;279,48;269,88;269,68;271,12;232,6;216,31;214,71;218,88;212,95;210,57;177,29;184,75;173,62;170,86;152,84;PNG
Paraguay;545,08;542,53;532,01;513,28;521,68;525,73;534,87;533,03;537,19;532,12;528,99;527,25;538,18;531,47;513,81;500,75;496,27;482,22;464,83;480,06;466,21;465,3;484,7;PRY
Peru;373,35;543,49;572,44;577,95;564,82;565,64;560,68;574,41;576,53;572,68;566,93;556,37;548,21;543,12;542,88;540,92;534,49;527,21;511,06;527,05;521,59;513,72;514,27;PER
Philippines;491,52;502,46;495,5;493,72;488,56;487,08;454,25;443,65;460,67;447,73;460,54;463,6;454,59;457,21;448,34;441,32;435,22;425,9;416,63;420,32;396,55;387,96;384,73;PHL
Poland;690,37;645,33;635,92;640,21;626,49;607,01;600,81;602,92;599,1;601,73;598,13;590,29;565,64;561,67;555,65;551,88;550,48;542,73;517,63;454,27;453,79;452,98;457,44;POL
Portugal;596,79;596,64;588,95;607,09;604,3;602,66;597,12;599,73;589,83;591,42;595,46;597,47;592,11;576,73;572,4;574,65;571,54;561,2;557,18;566,3;576,73;560,17;556,32;PRT
Qatar;;;;;;;;;;;;;670,4;645,17;618,77;594,95;571,73;563,26;553,25;540,13;521,17;494,14;486,45;QAT
Romania;735,95;777,02;791,84;728,43;733,4;721,14;714,05;715,03;697,32;698,72;693,58;674,46;646,45;621,5;612,1;599,73;556,41;530,01;524,59;525,44;527,37;525,69;528,52;ROU
Russia;;;918,54;846,86;814,62;771,87;745,16;747,94;742,38;765,18;767,28;763,03;762,13;753,32;759,6;751,21;741,81;731,17;725,7;745,36;729,95;723,07;728,87;RUS
Rwanda;493,64;552,5;425,42;541,28;487,51;538,27;552,62;527,71;483,07;496,41;529,48;546,11;549,52;522,71;514,56;478,39;444,81;428,55;417,92;427,13;420,3;398,69;390,1;RWA
Saudi Arabia;683,71;672,81;667,98;677,68;666,13;654,41;651,47;663,91;681,43;661,98;665,6;671,39;659,9;666;662,9;662,31;665,37;664,55;659,8;669,66;657,44;643,96;645,63;SAU
Senegal;397,74;400,11;392,79;409,31;428,98;421,38;411,54;417,01;393,99;395,96;393,8;396,92;387,44;382,14;374,11;385,92;389,99;386,92;373,78;378,01;376,38;361,55;361,8;SEN
Serbia;;;;;;;;;;;;;;;;;665,43;555,23;542,92;555,31;561,04;547,93;555,25;SRB
Seychelles;458,6;507;509,05;570,16;561,66;513,22;509,46;294,28;288,4;287,81;288,79;293,59;285,7;284,51;287,24;283,41;278,25;294,46;298,63;296,88;267,64;273,57;295,55;SYC
Sierra Leone;230,79;258,95;287,33;286,64;218,41;241,25;280,92;180,3;206,49;233,91;322,22;327,02;315,19;328,3;301,52;289,7;291,19;269,99;240,29;246,76;240,02;222,59;207,33;SLE
Singapore;811,07;812,29;808,3;802,2;792,98;816,33;803,14;811,22;819,05;828,48;812,51;825,94;824,1;818,84;822,75;815,58;806,09;795,04;784,4;781,71;764,84;754,62;751,97;SGP
Slovakia;;;;551,86;545,7;570,32;613,84;591,28;574,5;571,32;627,46;631,25;612,17;582,19;564,44;564,12;540,4;526,94;452,31;448,09;440,33;403,86;404,13;SVK
Slovenia;;;570,83;577,14;579,91;585,13;583,9;575,72;573,06;573,5;580,19;584,96;570,33;547,94;541,61;540,24;545,83;535,46;506,83;510,86;497,8;479,26;476,07;SVN
South Africa;577,27;495,32;545,13;542,15;538,05;468,96;528,14;509,17;470,5;466,19;475,24;486,08;493,17;459,86;436,42;436,35;432,74;427,9;413,45;410,78;391,7;389,65;387,7;ZAF
South Sudan;;;;;;;;;;;;;;;;;;;;;;356,79;427,98;SSD
Spain;522,92;517,67;482,55;507,83;502,49;552,85;545,7;554,1;550,43;548,93;552,9;541,82;541;512,86;505,41;497,31;502,63;492,66;481,98;480,37;483,43;472,19;415,6;ESP
Sri Lanka;568,05;577,57;493,45;595,79;593,43;609,95;595,67;583,75;594,45;579,68;589,72;590,04;591,93;576,99;573,81;547,16;561;568,61;565,4;567,23;557,91;545,99;542,03;LKA
Sudan;544,93;518,61;607,5;491,28;558,26;578,6;517,73;486,71;566,83;608,45;616,05;582,97;584,29;547,29;604,58;577,54;555,27;535,93;522,26;522,02;;;;SDN
Sweden;620,83;616,4;615,78;637,02;633,12;627,59;626,07;627,18;625,08;625,2;632,21;595,2;574,73;546,37;557,16;563,03;535,7;531,44;506,09;497,52;508,56;494,83;406,78;SWE
Switzerland;536,56;535,53;529,12;523,98;517,33;501,33;497,91;505,65;500,62;499,87;499,6;498,34;488,37;474,27;456,28;459,69;451,43;514,64;497,99;491,95;485,3;474,6;474,11;CHE
Syria;776,79;810,45;805,42;786,82;791,4;794,83;784,77;787,84;793,6;801,76;798,42;795,01;791,53;800,72;791,43;786,19;783,67;771,64;737,45;744,41;737,09;736,17;714,19;SYR
Tajikistan;;;542,14;572,17;513,8;478,1;405,82;385,11;383,08;382,67;361,81;355,79;400,86;404,15;421,87;413,19;399,99;382,33;;;;;;TJK
Tanzania;445,93;351,93;360,92;376,48;458,39;463,24;456,46;451,13;443,04;441,33;441,1;432,89;432,05;416,25;413,69;405,92;408,22;403,08;392,15;395,16;392,15;394,09;384,39;TZA
Thailand;595,43;590,42;596,3;589,85;571,36;566,36;556,77;565,61;578,8;564,17;563,27;572,54;564,15;558,98;544,45;539,47;532,72;539,54;544,06;556,65;536,38;537,83;539,35;THA
Timor-Leste;;;;;;;;;;;;;;;;;;250,34;213,82;264,49;228,92;206;223,6;TLS
Togo;380,18;456,8;460,02;487,22;487,54;445,32;440,56;440,99;443,4;;;;;435,77;434,77;424,14;423,08;415,59;413,11;407,08;409,93;397,99;392,07;TGO
Trinidad and Tobago;;;;114,43;202,54;204,57;203,47;205,87;214,97;;;35,14;133,54;139,57;165,81;203,28;211,19;204,57;220,57;265,71;262,13;256,83;253,52;TTO
Tunisia;469,2;469,88;457,67;471,07;471,95;462,22;470,73;466,02;462,83;459,29;468,91;471,51;467,3;458,83;443,32;447,47;446,77;434,31;431,61;434,31;435,93;434,83;445,24;TUN
Turkey;694,42;696,89;700,52;699,08;718,56;693,13;693,38;690,38;693,39;699,27;688,98;692,34;682,71;657,88;636,44;620,2;614,43;597,5;591,92;605,53;592,79;592,59;592,81;TUR
Turkmenistan;;;;;487,15;465,28;525,46;540,14;517,9;509,48;496,07;475,56;459,04;;;;;;;;;;;TKM
Uganda;342,4;407,5;272,86;395,25;400,85;383,05;387,66;400,75;396,05;414,38;441,8;449,04;440,26;450,96;439,5;422,2;412,43;402,62;397,15;394,73;445,62;435,88;323,8;UGA
Ukraine;;;;559,83;657;660,25;649,27;655,3;652,69;668,29;687,35;660,81;644,37;641,64;637,43;647,01;641,65;611,79;596,77;614,22;607,25;597,43;608,21;UKR
United Arab Emirates;;;;;;;;694,99;697,36;691,1;704,49;696,49;666,48;669,83;674,13;650,68;630,81;610,15;600,17;608,97;619,75;610;596,62;ARE
United Kingdom;486,59;486,63;483,75;487,49;482,77;562,25;557,38;549,39;546,86;545,27;548,74;542,96;538,77;534,99;525,05;522,26;510,78;504,26;507,77;522,34;498,71;484,37;484,1;GBR
United States of America;634,44;626,5;627,6;623,89;615,87;606;597,76;588,64;571,82;566,95;561,84;561,13;566,54;570,98;576,02;575,75;570,94;574,02;577,41;580,18;582,22;578,11;574,05;USA
Uruguay;542,41;510,02;517,69;508,93;497,1;483,54;491,01;495,31;491,15;494,91;497,32;505,59;531,58;537,58;533,12;521,54;510,26;495,93;497,75;498,66;487,28;478,32;478,78;URY
Uzbekistan;;;;;351,34;307,99;311,4;327,6;335,58;357,26;354,14;351,83;354,55;358,32;348,47;342,93;329,34;;;;;;;UZB
Venezuela;;492,25;482,5;524,22;505,28;482,86;475,66;492,83;466,8;446,45;449,2;447,18;446,32;453,25;458,77;462,83;453,24;439,2;428,64;399,97;372,86;387,9;404,96;VEN
Vietnam;757,12;723,66;675,1;640,48;652,4;637,35;626,91;620,78;;;;;;636,85;628,41;620,54;627,76;633,59;608,99;611,21;614,53;599,14;607,39;VNM
Yemen;778,05;751,79;727,48;713,1;668,71;657,39;710,64;727,81;722,79;718,72;703,55;699,33;715,42;704,08;674,24;614,17;599,28;603,21;585,65;585,95;572,16;553,62;558,18;YEM
Zambia;545,47;527,39;538,55;490,75;502,35;484,33;461,33;449,65;461,07;494,14;493,14;498,51;493,98;;467;451,07;440,91;414,12;432,33;430,95;424,2;411,59;409,03;ZMB
Zimbabwe;;;;;;;;;;;;;;;;;;;;;366,76;388,76;399,76;ZWE
