"","year","country","total","ECA","MNA","SSA","SAS","EAP","LAC","per_capita"
"80",2010,"Norway",105.65214,3.00661885714286,5.174844,84.3243377142857,0,3.49550571428571,9.65083371428571,21.6090600361773
"68",2010,"Denmark",112.325605714286,2.48959542857143,4.37009142857143,94.3796057142857,0,2.943696,8.14261714285714,20.2473006658816
"131",2008,"Luxembourg",9.480192,0.5371695,0.65067,5.979534,0,1.797009,0.5158095,19.4007817456257
"427",2009,"Japan",2333.12010685714,117.894128571429,276.422941714286,1734.362592,0,57.7502897142857,146.690154857143,18.2906667955597
"87",2010,"Switzerland",131.511027428571,3.76938171428571,6.70671942857143,104.036850857143,0,4.50922971428571,12.4888457142857,16.8067165253935
"76",2010,"Japan",2118.06178971429,48.2722268571429,118.751055428571,1727.51505942857,0,47.6473182857143,175.876129714286,16.6187066434967
"77",2010,"Luxembourg",7.82575714285714,0.282884571428571,0.499633714285714,6.02945314285714,0,0.159156,0.854629714285714,15.4368493726243
"53",2011,"Norway",75.511812,1.912957,4.794844,56.151537,0,1.589057,11.063417,15.245400848925
"50",2011,"Luxembourg",7.430413,0.195994,0.658293,5.644989,0,0.168434,0.762703,14.3348239692716
"78",2010,"Netherlands",228.993987428571,6.26805771428571,11.0139308571429,183.772993714286,0,7.41803142857143,20.5209737142857,13.7820377536639
"74",2010,"Ireland",59.4757234285714,1.72035771428571,2.95878685714286,47.2795062857143,0,1.99881257142857,5.51826,13.0424784683854
"69",2010,"Finland",68.2394005714286,1.91112857142857,3.36084171428571,54.4405028571429,0,2.26435714285714,6.26257028571429,12.7232746610702
"19",2012,"Luxembourg",6.721672,0.171446,0.34909,5.433915,0,0.136106,0.631115,12.6598034451714
"122",2008,"Denmark",68.6368365,4.5555825,1.5944925,45.40836,0,15.623967,1.4544345,12.4939154885275
"64",2010,"Austria",104.282257714286,2.85745542857143,5.05180114285714,83.5636182857143,0,3.39955714285714,9.40982571428571,12.4296905958458
"134",2008,"Norway",59.0949555,2.3069955,0.236406,41.721537,0,14.829927,9e-05,12.3935251830246
"71",2010,"Germany",998.540067428571,26.779308,47.5897851428571,803.545530857143,0,32.0021091428571,88.6233342857143,12.2105350176388
"41",2011,"Denmark",65.896359,1.616458,4.05167,48.364274,0,1.342761,10.521196,11.8293703052398
"66",2010,"Canada",396.148489714286,11.0066091428571,19.0503,317.714969142857,0,12.857904,35.5187074285714,11.6496191061422
"142",2008,"United Kingdom",717.617313,46.7230575,16.906116,472.511649,0,166.072185,15.4043055,11.6106164520699
"119",2008,"Belgium",124.083723,6.009381,12.170202,79.1151165,0,20.898441,5.8905825,11.585811000644
"124",2008,"France",734.4404835,42.8978595,66.94224,439.996074,0,141.351201,43.253109,11.4094756017759
"428",2009,"Luxembourg",5.67862628571429,0.485936571428571,0.843809142857143,3.58542,0,0.158672571428571,0.604788,11.4078349401245
"60",2011,"Switzerland",89.761737,2.481791,5.424576,65.440567,0,2.061577,14.353226,11.3444415965931
"141",2008,"Switzerland",83.586696,3.5869935,0.3674385,51.7432305,0,23.060346,4.8286875,10.9296872578921
"140",2008,"Sweden",100.7527995,6.6017325,2.3108295,67.0892655,0,22.643127,2.107845,10.9280657687499
"377",2007,"Norway",51.4247301818182,4.41294436363636,9.97738909090909,28.3213701818182,0,2.29066472727273,6.42236181818182,10.9201655159643
"63",2010,"Australia",236.758721142857,6.63896914285714,11.4827057142857,189.476228571429,0,7.75096628571429,21.4098514285714,10.7462268675278
"43",2011,"France",701.909385,15.385819,40.018641,538.37043,0,13.211721,94.922774,10.74182496682
"132",2008,"Netherlands",173.903871,11.5447095,4.0412535,113.917335,0,39.599043,4.80153,10.5744968272047
"130",2008,"Japan",1324.7341245,102.6266385,160.311906,889.7094105,0,0,172.0861695,10.3734707570724
"61",2011,"United Kingdom",644.097447,16.464823,44.163179,470.725639,0,14.857895,97.885911,10.1819232349184
"59",2011,"Sweden",94.432187,2.336835,5.857306,70.781983,0,1.941167,13.514896,9.99365629709056
"374",2007,"Luxembourg",4.77967309090909,0.380881090909091,0.752846181818182,2.97390654545455,0,0.229153090909091,0.442886181818182,9.95779750954702
"365",2007,"Denmark",54.2149352727273,4.15656109090909,9.61249745454545,32.1678807272727,0,2.25018109090909,6.02781490909091,9.92686089268065
"123",2008,"Finland",52.281753,3.4766235,1.216908,34.554096,0,11.9241105,1.110015,9.83960606007567
"88",2010,"United Kingdom",615.744690857143,22.777812,45.2848011428571,472.906589142857,0,14.4253474285714,60.3501411428571,9.81010595244762
"51",2011,"Netherlands",162.766482,4.074091,10.211751,121.534218,0,3.384269,23.562153,9.75053977475928
"125",2008,"Germany",789.2435535,52.8767925,18.50604,519.644946,0,181.335291,16.880484,9.6120158462363
"38",2011,"Belgium",104.954321,2.360998,7.778052,81.84867,0,1.961234,11.005367,9.50006815871186
"70",2010,"France",613.321157142857,21.1584651428571,41.9864948571429,480.846951428571,0,13.3746857142857,55.95456,9.43235190172754
"47",2011,"Ireland",42.627609,1.093746,2.741484,31.558243,0,0.908555,6.325581,9.31385791014409
"42",2011,"Finland",49.690158,1.243093,3.115824,37.109313,0,1.032613,7.189315,9.221909732842
"185",2006,"Luxembourg",4.35312,0.249024,0.113748,3.59634981818182,0,0,0.393998181818182,9.21028188652179
"128",2008,"Ireland",41.1253755,2.7422955,0.960147,26.5229475,0,10.024176,0.8758095,9.16025669867586
"118",2008,"Austria",75.251361,5.4679035,1.913823,47.37093,0,18.7529895,1.745715,9.02627191365259
"86",2010,"Sweden",83.7467708571428,3.21613371428571,5.90677885714286,64.8704245714286,0,1.881588,7.87184571428571,8.93001127304112
"44",2011,"Germany",712.597148,17.609732,44.138986,534.375967,0,14.628073,101.84439,8.71170440264236
"385",2007,"United Kingdom",531.921645818182,17.8048756363636,101.769134181818,324.365281090909,0,23.7356989090909,64.246656,8.67417288506497
"184",2006,"Japan",1075.19249018182,94.3445421818182,20.8432341818182,859.826424,0,0,100.178289818182,8.41598429975892
"373",2007,"Japan",1071.47123236364,78.0247298181818,75.0310527272727,798.700917818182,0,28.6401185454545,91.0744134545455,8.38588826002821
"23",2012,"Norway",41.274951,1.51194,2.465825,33.978473,0,1.073827,2.244886,8.22443969630411
"39",2011,"Canada",282.362732,7.043456,17.654493,211.078706,0,5.850863,40.735214,8.22189502422343
"18",2012,"Japan",1037.510801,22.573227,69.157418,812.03101,0,22.502201,111.246945,8.13341713971369
"62",2011,"United States",2533.165436,65.366089,154.579617,1870.706227,0,52.570707,389.942796,8.12999740255042
"375",2007,"Netherlands",133.135681090909,10.6276047272727,24.308556,76.3748007272727,0,5.55885490909091,16.2658647272727,8.12709997182221
"34",2012,"United Kingdom",508.806953,14.135951,35.472427,409.624314,0,10.372136,39.202125,7.98809114029966
"120",2008,"Canada",265.4226495,18.3509055,6.423285,178.3332615,0,56.456133,5.8590645,7.9836510193341
"37",2011,"Austria",66.25449,1.869029,4.684745,52.292114,0,1.552567,5.856035,7.88163408689338
"89",2010,"United States",2421.90153428571,81.4684937142857,154.380281142857,1865.33860114286,0,56.52162,264.192538285714,7.82960121220862
"195",2006,"Switzerland",58.4989363636364,3.71201781818182,0.514846909090909,48.1471734545455,0,0,6.12489818181818,7.81660239120227
"117",2008,"Australia",165.3705315,11.0144025,3.8556945,109.202592,0,37.7808285,3.517014,7.78243564463603
"161",2004,"Norway",35.5575098181818,4.49198181818182,0.621669818181818,27.7523923636364,0,1.065804,1.62566181818182,7.74351191552099
"361",2007,"Austria",64.0680545454545,4.88749745454545,11.5308763636364,41.4612981818182,0,2.69897018181818,3.48941236363636,7.71830993635785
"49",2011,"Japan",983.960141,23.367779,56.188214,785.254044,0,24.863111,94.286993,7.69817793098503
"436",2009,"Spain",355.596452571429,21.2490548571429,35.6018434285714,277.375289142857,0,8.69443371428571,12.6758314285714,7.66984161446514
"366",2007,"Finland",40.1786836363636,3.17495781818182,7.30017490909091,23.393832,0,1.70119636363636,4.60852254545454,7.59705251932415
"65",2010,"Belgium",82.8000805714286,3.22699542857143,5.96784342857143,63.5267777142857,0,1.90104,8.177424,7.58223610181138
"36",2011,"Australia",169.003165,4.245398,10.641141,126.037144,0,3.526574,24.552908,7.56504767233662
"368",2007,"Germany",617.056261090909,48.1819069090909,112.355684727273,360.235857818182,0,26.5011818181818,69.7816298181818,7.50071075335618
"143",2008,"United States",2277.9366795,138.3571215,20.567112,1471.9337295,0,497.971479,149.1072375,7.49089733500335
"103",2005,"Japan",945.634814181818,85.9065065454545,22.1456574545455,747.426223636364,0,16.7075705454545,73.448856,7.40089701423619
"48",2011,"Italy",429.524092,10.979179,49.191473,317.869269,0,9.120196,42.363975,7.23354795697077
"45",2011,"Greece",79.983394,0.429373,6.296094,67.819194,0,0,5.438733,7.19067359404158
"176",2006,"Denmark",38.9311254545454,2.22656945454545,0.912901090909091,32.1177381818182,0,0,3.67391672727273,7.16004744658719
"384",2007,"Switzerland",53.8685487272727,6.60996981818182,0.461865818181818,38.3015410909091,0,3.72202036363636,4.77315163636364,7.13385168048648
"439",2009,"United Kingdom",443.597077714286,27.8568942857143,3.11814514285714,348.950616,0,7.90075028571429,55.770672,7.1230514881511
"149",2004,"Denmark",38.1486850909091,4.73768072727273,0.655971272727273,29.9006945454545,0,1.13530363636364,1.71903490909091,7.05865903429405
"371",2007,"Ireland",30.8510607272727,2.51789236363636,5.59018363636364,17.8061672727273,0,1.26234763636364,3.67446981818182,7.01329108226478
"32",2012,"Switzerland",55.949798,1.961529,3.995123,45.687584,0,1.39314,2.912422,6.99646998991229
"383",2007,"Sweden",63.9771752727273,6.03162218181818,0.410217818181818,45.5619218181818,0,3.21445090909091,8.75896254545455,6.99349933297566
"431",2009,"Norway",33.7091588571429,2.83569085714286,0.311631428571429,29.7725245714286,0,0.788489142857143,0.000822857142857143,6.98096328099793
"107",2005,"Norway",31.6662403636364,3.37073127272727,0.824757818181818,23.7493134545455,0,0.277308,3.44412981818182,6.84928558466253
"58",2011,"Spain",314.851352,6.931457,25.045027,247.015764,0,7.428879,28.430225,6.73584051001593
"85",2010,"Spain",313.004732571429,11.3025754285714,9.96310628571428,259.106466857143,0,7.54240628571429,25.0901777142857,6.72017143177228
"95",2005,"Denmark",36.033768,3.66799636363636,0.812844,27.4300189090909,0,0.282992727272727,3.839916,6.64899347385482
"3",2012,"Belgium",73.180376,1.866059,5.833645,57.022806,0,1.325332,7.132534,6.57609258458161
"367",2007,"France",417.931688727273,24.0408392727273,47.5365818181818,297.066390545455,0,19.9398218181818,29.3480552727273,6.52890011512114
"363",2007,"Canada",213.844296,16.7586938181818,38.532132,125.248674545455,0,8.97912,24.3256756363636,6.50221248355932
"75",2010,"Italy",384.166769142857,15.6988628571429,29.6801245714286,292.963143428571,0,8.84028342857143,36.9843548571429,6.48082842577301
"8",2012,"Denmark",35.793476,1.277599,2.083637,29.627909,0,0.90739,1.896941,6.40132613869588
"196",2006,"United Kingdom",387.191448,14.4048785454545,9.45805854545454,325.300634181818,0,0,38.0278767272727,6.36338017335992
"416",2009,"Belgium",67.9577365714286,3.97057885714286,0.438387428571429,56.903232,0,1.11078171428571,5.53475657142857,6.29442695882821
"360",2007,"Australia",128.088081818182,10.077276,22.8973396363636,75.1785741818182,0,5.28050509090909,14.6543869090909,6.14992038448981
"421",2009,"France",391.183704,33.9130542857143,2.95806,311.238257142857,0,7.49512457142857,35.579208,6.04584303079609
"91",2005,"Austria",49.6195123636364,4.38831381818182,1.16686363636364,39.1397116363636,0,0.330626181818182,4.59399709090909,6.03069319987083
"98",2005,"Germany",495.004721454545,43.000764,11.87814,392.888949818182,0,3.30012,43.9367476363636,6.00228193062878
"438",2009,"Switzerland",46.2890588571429,4.38146057142857,0.483778285714286,40.1980868571429,0,1.22573314285714,0,5.97753991532098
"167",2004,"Sweden",53.6991829090909,6.58792363636364,0.487210909090909,42.6584007272727,0,1.576236,2.38941163636364,5.97086760472611
"419",2009,"Denmark",32.9409257142857,2.66270914285714,0.293981142857143,29.2393457142857,0,0.744889714285714,0,5.96421493745807
"194",2006,"Sweden",54.1409530909091,3.09490036363636,0.429254181818182,45.5101581818182,0,0,5.10664036363636,5.96232842776916
"188",2006,"Norway",27.4712061818182,2.10565854545455,0.863346545454545,21.242976,0,0,3.25922509090909,5.89425231570435
"30",2012,"Spain",275.274413,2.632731,17.489344,209.00205,0,5.796131,40.354157,5.8868043643987
"2",2012,"Austria",49.498473,1.477222,2.409205,37.416197,0,1.04917,7.146679,5.87171125093728
"10",2012,"France",381.75557,12.332742,22.945508,316.080422,0,9.881128,20.51577,5.81264334028181
"17",2012,"Italy",342.705258,8.677602,14.152311,271.730755,0,6.163102,41.981488,5.75591009275372
"168",2004,"Switzerland",42.3629923636364,7.89360872727273,1.05972981818182,28.6479163636364,0,1.89587890909091,2.86585854545455,5.73276619584891
"212",2001,"Luxembourg",2.510784,0.753993,0.242228,1.010916,0,0.503647,0,5.68661797180228
"320",2001,"Luxembourg",2.510784,0.753993,0.242228,1.010916,0,0.503647,0,5.68661797180228
"158",2004,"Luxembourg",2.57186290909091,0.291054545454545,0.0597130909090909,2.09942618181818,0,0.121669090909091,0,5.61425664982154
"104",2005,"Luxembourg",2.60867672727273,0.196666909090909,0.0882665454545454,2.144004,0,0.0304189090909091,0.149320363636364,5.60815185377872
"179",2006,"Germany",459.860619272727,26.8617654545455,11.0132934545455,377.663197090909,0,0,44.3223632727273,5.58242815413352
"114",2005,"Switzerland",41.4788072727273,5.72100109090909,0.525355636363636,32.7733767272727,0,0.467851636363636,1.99122218181818,5.57727119992094
"133",2008,"New Zealand",23.782665,1.577811,0.5523555,15.7363005,0,5.4123615,0.5038365,5.57114596266017
"159",2004,"Netherlands",90.7027243636363,11.1560367272727,1.54452981818182,71.2313225454545,0,2.72463818181818,4.04619709090909,5.57081166621903
"129",2008,"Italy",325.9098105,14.9821965,1.5347205,215.4073425,0,93.985551,0,5.54016524392627
"31",2012,"Sweden",52.608985,1.846964,3.012216,43.695717,0,1.311771,2.742317,5.52651728989742
"177",2006,"Finland",28.7590232727273,1.65288654545455,0.677682545454545,23.7011934545455,0,0,2.72726072727273,5.46098742031359
"52",2011,"New Zealand",23.942799,0.599583,1.50286,17.874658,0,0.498061,3.467637,5.43512190138927
"136",2008,"Portugal",57.3032025,2.490543,3.1762005,37.6717335,0,9.99408,3.9706455,5.42737657267917
"150",2004,"Finland",28.2743727272727,3.52332436363636,0.48768,22.1487556363636,0,0.838504363636364,1.27610836363636,5.40808005168919
"21",2012,"Netherlands",89.851025,3.220037,5.251557,74.311451,0,2.286969,4.781011,5.36265167297903
"115",2005,"United Kingdom",322.161698181818,15.4955476363636,8.75472436363636,257.400009818182,0,3.04728436363636,37.464132,5.33369645301453
"113",2005,"Sweden",47.5388181818182,4.95437127272727,0.438015272727273,36.6886385454545,0,0.395582181818182,5.06221090909091,5.26479197463623
"92",2005,"Belgium",55.0391901818182,4.09300690909091,0.691882909090909,45.20268,0,0.419185090909091,4.63243527272727,5.25252427872877
"386",2007,"United States",1580.75576181818,88.7939552727273,322.688328,1000.62181309091,0,79.2205745454545,89.4310909090909,5.24764939709583
"12",2012,"Greece",57.473608,1.525772,3.803944,41.92659,0,2.917302,7.3,5.18117682227461
"169",2004,"United Kingdom",310.375918909091,15.6937429090909,6.80938909090909,258.450031636364,0,11.633928,17.7888272727273,5.17397496878746
"126",2008,"Greece",57.193578,3.3366555,5.0331825,46.5826095,0,0,2.2411305,5.11276001236855
"186",2006,"Netherlands",82.9467872727273,3.43079236363636,1.89092290909091,72.4920632727273,0,0,5.13300872727273,5.07440809890995
"9",2012,"Finland",27.442098,0.982503,1.602362,22.700641,0,0.697803,1.458789,5.06875600183304
"172",2006,"Austria",41.7915010909091,2.60050690909091,1.09217781818182,33.7034203636364,0,0,4.395396,5.0542164183933
"16",2012,"Ireland",23.052455,0.864463,1.409854,18.880642,0,0.613968,1.283528,5.02571891193545
"11",2012,"Germany",397.429421,13.918191,22.699186,330.261603,0,9.885128,20.665313,4.94156486281775
"105",2005,"Netherlands",80.2857305454545,8.38967018181818,2.29569054545455,60.3581105454545,0,0.669978545454545,8.57228072727273,4.91950857078011
"211",2001,"Japan",625.116345,185.13901,61.237607,252.097164,0,126.642564,0,4.91640787579926
"319",2001,"Japan",625.116345,185.13901,61.237607,252.097164,0,126.642564,0,4.91640787579926
"437",2009,"Sweden",45.2888897142857,3.88189885714286,0.426053142857143,39.901404,0,1.07953371428571,0,4.87055080300457
"362",2007,"Belgium",51.6262745454545,1.67558290909091,5.88250363636364,35.2143283636364,0,2.91632727272727,5.93753236363636,4.85862338481229
"79",2010,"New Zealand",20.9974765714286,0.824797714285714,1.51555542857143,16.154556,0,0.482818285714286,2.01974914285714,4.80733472228582
"151",2004,"France",300.222303272727,47.0334098181818,6.67471418181818,217.399839272727,0,11.6071374545455,17.5072025454545,4.788072532666
"96",2005,"Finland",25.1106752727273,2.64597381818182,0.555787636363636,18.9900163636364,0,0.215331272727273,2.70356618181818,4.78654513756515
"97",2005,"France",301.205033454545,21.6023029090909,3.83841927272727,251.390374909091,0,2.80333854545455,21.5705978181818,4.76769438785584
"116",2005,"United States",1396.36427563636,136.332017454545,21.5591192727273,1081.46395090909,0,11.5448138181818,145.464374181818,4.72516359597113
"174",2006,"Canada",153.54846,8.72340545454545,3.57658472727273,126.854703272727,0,0,14.3937665454545,4.71434078163664
"147",2004,"Canada",150.787036363636,18.6317214545455,2.57801563636364,118.441803272727,0,4.40061272727273,6.73488327272727,4.71283126738553
"5",2012,"Canada",163.070606,5.566929,9.07911,136.205152,0,3.953805,8.26561,4.69209708424094
"415",2009,"Austria",39.0083931428571,3.19591885714286,0.352856571428571,34.5655491428571,0,0.894068571428571,0,4.66313338174776
"152",2004,"Germany",382.514631272727,44.8365327272727,7.89803127272727,295.253043272727,0,13.7884669090909,20.7385570909091,4.63562734544682
"429",2009,"Netherlands",76.4798022857143,6.78897771428571,0.745138285714286,67.0574777142857,0,1.88807142857143,0.000137142857142857,4.62661870368681
"139",2008,"Spain",211.910016,25.3272225,38.709345,117.089829,0,0,30.7836195,4.61134019232144
"170",2004,"United States",1349.15897454545,188.598581454545,25.4858749090909,1031.51811381818,0,39.0214778181818,64.5349265454545,4.60770000992263
"433",2009,"Portugal",47.9589531428571,2.83312628571429,3.22391142857143,36.9668605714286,0,0,4.93505485714286,4.53802348677127
"203",2001,"Denmark",23.758433,7.10258,2.304412,9.569778,0,4.781663,0,4.43355011762932
"311",2001,"Denmark",23.758433,7.10258,2.304412,9.569778,0,4.781663,0,4.43355011762932
"422",2009,"Germany",361.214172,31.0878017142857,3.41201142857143,318.069010285714,0,8.64534857142857,0,4.41030521887497
"155",2004,"Ireland",17.903016,2.32272981818182,0.358555636363636,13.80282,0,0.580940727272727,0.837969818181818,4.3984922837891
"102",2005,"Italy",254.626839272727,33.0555436363636,4.19771127272727,194.684798181818,0,1.930224,20.7585621818182,4.39242894244151
"376",2007,"New Zealand",18.3252218181818,1.44492545454545,3.26320472727273,10.7655043636364,0,0.748409454545454,2.10317781818182,4.33394551001585
"35",2012,"United States",1359.534128,52.302394,80.189044,1119.764233,0,35.335961,71.942496,4.3314689729405
"420",2009,"Finland",22.9444525714286,2.03218114285714,0.224425714285714,20.1193525714286,0,0.568493142857143,0,4.29762258724738
"182",2006,"Ireland",18.2013381818182,1.08539127272727,0.445010181818182,14.8800305454545,0,0,1.79090618181818,4.25848263637782
"144",2004,"Australia",85.0679410909091,10.5110269090909,1.45518436363636,66.777132,0,2.51303127272727,3.81156654545455,4.22647441298926
"146",2004,"Belgium",44.0237029090909,6.55441418181818,0.976352727272727,34.8008934545455,0,1.69204254545455,0,4.22446254185124
"197",2006,"United States",1259.79538581818,67.4227287272727,39.4944043636364,1059.86225563636,0,0,93.0159970909091,4.22211863176634
"205",2001,"France",258.827168,76.598619,25.337349,104.298412,0,52.592788,0,4.21846808916364
"313",2001,"France",258.827168,76.598619,25.337349,104.298412,0,52.592788,0,4.21846808916364
"440",2009,"United States",1289.67815314286,124.107534857143,222.110893714286,916.151658857143,0,27.3080657142857,0,4.20403470069088
"93",2005,"Canada",135.247762909091,13.9645756363636,3.85744909090909,101.989969090909,0,1.16723127272727,14.2685378181818,4.18568218927952
"239",2002,"Luxembourg",1.864909,0.285169,0.098661,1.225307,0,0.255772,0,4.17977026951308
"183",2006,"Italy",242.680214181818,19.5140127272727,8.64908181818182,197.138037818182,0,0,17.3790818181818,4.173780645456
"1",2012,"Australia",93.021718,3.355434,5.472377,76.828731,0,2.383131,4.982045,4.09356307676059
"173",2006,"Belgium",43.0598509090909,4.887336,1.56786981818182,30.3319014545455,0,0,6.27274363636364,4.08229260108923
"101",2005,"Ireland",16.9618429090909,1.78801963636364,0.47544,12.677556,0,0.149002909090909,1.87182436363636,4.07745037517603
"82",2010,"Portugal",42.9576188571429,1.28410114285714,1.67068628571429,36.897,0,1.274808,1.83102342857143,4.06291616460641
"171",2006,"Australia",81.0074094545454,4.93695490909091,2.02415018181818,65.9002385454545,0,0,8.14606581818182,3.91379847714019
"266",2003,"Luxembourg",1.766892,0.320343,0.118394,1.13788,0,0.190275,0,3.91225560746629
"157",2004,"Japan",497.660050909091,99.4944403636364,13.1260385454545,364.451094545455,0,20.5884774545455,0,3.89524229537965
"372",2007,"Italy",226.401577090909,17.0330989090909,32.1018949090909,153.641428363636,0,9.80801127272727,13.8171436363636,3.87419788662608
"206",2001,"Germany",311.879785,92.664608,30.448239,125.724954,0,63.041984,0,3.78725038304528
"314",2001,"Germany",311.879785,92.664608,30.448239,125.724954,0,63.041984,0,3.78725038304528
"276",2003,"Switzerland",27.55458,5.089469,1.885405,17.549561,0,3.030145,0,3.75454097907876
"199",2001,"Austria",30.189876,8.978843,2.94427,12.168583,0,6.09818,0,3.75388909605755
"307",2001,"Austria",30.189876,8.978843,2.94427,12.168583,0,6.09818,0,3.75388909605755
"426",2009,"Italy",221.152193142857,18.2999691428571,2.02047428571429,195.712277142857,0,5.11947257142857,0,3.7422933778309
"145",2004,"Austria",30.5556763636364,5.65855527272727,0.993505090909091,20.4823494545454,0,1.36464763636364,2.05661890909091,3.73908511122048
"223",2001,"United Kingdom",220.187504,65.579411,21.408216,88.657226,0,44.542651,0,3.72443710911595
"331",2001,"United Kingdom",220.187504,65.579411,21.408216,88.657226,0,44.542651,0,3.72443710911595
"90",2005,"Australia",75.721776,7.903164,2.18309781818182,56.9276083636364,0,0.632715272727273,8.07519054545454,3.71279816423794
"221",2001,"Sweden",32.888717,9.742862,3.220982,13.263062,0,6.661811,0,3.69703966744455
"329",2001,"Sweden",32.888717,9.742862,3.220982,13.263062,0,6.661811,0,3.69703966744455
"417",2009,"Canada",123.981481714286,10.7903005714286,1.18428,109.006177714286,0,3.00072342857143,0,3.68679007204915
"425",2009,"Ireland",16.610208,1.61285485714286,0.176989714285714,14.3718531428571,0,0.448510285714286,0,3.66236705895323
"238",2002,"Japan",458.470008,70.11415,24.257145,301.214222,0,62.884491,0,3.59739501745851
"200",2001,"Belgium",35.977557,10.713078,3.503981,14.499521,0,7.260977,0,3.49752706684541
"308",2001,"Belgium",35.977557,10.713078,3.503981,14.499521,0,7.260977,0,3.49752706684541
"178",2006,"France",220.781102181818,14.3263429090909,7.22835709090909,181.249795636364,0,0,17.9766065454545,3.47042014776484
"55",2011,"Portugal",36.592552,0.796221,2.018573,28.304478,0,2.176743,3.296537,3.46600464501267
"292",2000,"Japan",437.434417,127.450646,36.564986,159.017763,0,114.401022,0,3.44789482935288
"213",2001,"Netherlands",55.206106,16.483766,5.360855,22.241385,0,11.1201,0,3.44045162150742
"321",2001,"Netherlands",55.206106,16.483766,5.360855,22.241385,0,11.1201,0,3.44045162150742
"265",2003,"Japan",431.09899,78.148649,28.881524,277.651568,0,46.417249,0,3.37539728151083
"414",2009,"Australia",72.6084154285714,6.47707885714286,0.710885142857143,63.619212,0,1.80123942857143,0,3.34729022621556
"293",2000,"Luxembourg",1.450582,0.422527,0.120914,0.527593,0,0.379548,0,3.32473527389411
"28",2012,"Saudi Arabia",94.011917,5.074516,10.432044,64.899054,0,0.171961,13.434342,3.32340211019888
"230",2002,"Denmark",17.59794,2.691291,0.931117,11.561694,0,2.413838,0,3.27346835366749
"224",2001,"United States",921.011972,278.631785,90.11394,365.305666,0,186.960581,0,3.23197301263922
"332",2001,"United States",921.011972,278.631785,90.11394,365.305666,0,186.960581,0,3.23197301263922
"204",2001,"Finland",16.70257,4.951508,1.634509,6.735069,0,3.381484,0,3.21945725604124
"312",2001,"Finland",16.70257,4.951508,1.634509,6.735069,0,3.381484,0,3.21945725604124
"156",2004,"Italy",181.012886181818,19.2046756363636,4.61978945454545,137.772509454545,0,7.72024690909091,11.6956647272727,3.13793638025143
"25",2012,"Portugal",32.880947,0.440386,2.555202,23.736853,0,0.943238,5.205268,3.12709793887575
"22",2012,"New Zealand",13.787908,0.473894,0.772869,11.500951,0,0.336573,0.703621,3.11028829235281
"109",2005,"Portugal",32.5183843636364,2.532996,0.638442545454545,25.9613901818182,0,0.311204727272727,3.07435090909091,3.09600711393434
"257",2003,"Denmark",16.545318,2.999292,1.108452,10.656114,0,1.78146,0,3.06930542090694
"232",2002,"France",186.874887,27.924668,9.956083,123.157661,0,25.836475,0,3.02370749916643
"160",2004,"New Zealand",11.8754454545455,1.45630036363636,0.201686181818182,9.337584,0,0.350756727272727,0.529118181818182,2.9053077675841
"296",2000,"Norway",13.012631,3.790371,1.084673,4.732818,0,3.404769,0,2.89751205030008
"187",2006,"New Zealand",12.0507861818182,0.685345090909091,0.280988727272727,9.95367163636364,0,0,1.13078072727273,2.87979405438991
"210",2001,"Italy",162.450581,48.046035,15.937167,65.524671,0,32.942708,0,2.85130578631343
"318",2001,"Italy",162.450581,48.046035,15.937167,65.524671,0,32.942708,0,2.85130578631343
"259",2003,"France",176.312008,31.962084,11.812766,113.547384,0,18.989774,0,2.83266388158029
"233",2002,"Germany",229.479627,35.094357,12.141521,150.767933,0,31.475816,0,2.7819591932184
"286",2000,"France",169.158046,49.272242,14.097578,61.526375,0,44.261851,0,2.77713200741205
"284",2000,"Denmark",14.759458,4.299267,1.230452,5.368011,0,3.861728,0,2.76414221547018
"226",2002,"Austria",22.236956,3.400706,1.176538,14.609644,0,3.050068,0,2.75143210982192
"382",2007,"Spain",123.786115636364,7.76036945454545,1.15579745454545,96.6677596363636,0,4.08752290909091,14.1146661818182,2.73700786677316
"248",2002,"Sweden",24.12523,3.689495,1.276431,15.850268,0,3.309036,0,2.70311972336452
"250",2002,"United Kingdom",160.002008,23.908632,8.524401,105.447782,0,22.121193,0,2.69497586502544
"198",2001,"Australia",51.570466,15.430302,4.997139,20.770332,0,10.372693,0,2.65649132024932
"306",2001,"Australia",51.570466,15.430302,4.997139,20.770332,0,10.372693,0,2.65649132024932
"201",2001,"Canada",82.024653,24.270581,8.043567,33.082158,0,16.628347,0,2.63898452153826
"309",2001,"Canada",82.024653,24.270581,8.043567,33.082158,0,16.628347,0,2.63898452153826
"423",2009,"Greece",29.3925342857143,5.86273028571429,6.35420057142857,17.1756034285714,0,0,0,2.62736309771491
"99",2005,"Greece",29.0133316363636,3.21349963636364,1.05757090909091,23.5034170909091,0,0.211052727272727,1.02779127272727,2.61548356144144
"260",2003,"Germany",215.794919,39.118868,14.457225,138.98374,0,23.235086,0,2.6146128726117
"302",2000,"Sweden",23.029623,6.707909,1.918773,8.37677,0,6.026171,0,2.59573264936218
"253",2003,"Austria",20.91884,3.792151,1.401474,13.472822,0,2.252393,0,2.57576043016107
"227",2002,"Belgium",26.526244,4.056595,1.403458,17.427849,0,3.638342,0,2.56719209777422
"106",2005,"New Zealand",10.6071130909091,1.09710763636364,0.303057818181818,8.00050363636364,0,0.0854803636363636,1.12096363636364,2.5658852657297
"287",2000,"Germany",210.152428,61.216961,17.525857,76.427599,0,54.982011,0,2.5562410070376
"193",2006,"Spain",113.193850909091,11.0952796363636,0.652866545454545,92.0569832727273,0,0,9.38872145454545,2.54956500639149
"275",2003,"Sweden",22.680791,4.111508,1.519497,14.607712,0,2.442074,0,2.53183871499601
"240",2002,"Netherlands",40.815015,6.241684,2.159452,26.815692,0,5.598187,0,2.52741311823217
"280",2000,"Austria",20.092509,5.852697,1.674992,7.307694,0,5.257126,0,2.50793777396329
"430",2009,"New Zealand",10.4825622857143,0.928014857142857,0.101883428571429,9.19453885714286,0,0.258082285714286,4.28571428571429e-05,2.42888046248668
"254",2003,"Belgium",24.939445,4.520956,1.670815,16.062403,0,2.685271,0,2.40353944961962
"209",2001,"Ireland",9.229572,2.792115,0.883735,3.711893,0,1.841829,0,2.38721984107052
"317",2001,"Ireland",9.229572,2.792115,0.883735,3.711893,0,1.841829,0,2.38721984107052
"267",2003,"Netherlands",38.39177,6.959622,2.57208,24.72632,0,4.133748,0,2.36616674376847
"305",2000,"United States",667.322133,199.629259,55.835956,238.20931,0,173.647608,0,2.36502846227806
"231",2002,"Finland",12.260747,1.875038,0.648696,8.055319,0,1.681694,0,2.35756484158168
"281",2000,"Belgium",23.548329,6.859324,1.963054,8.564607,0,6.161344,0,2.29711781490062
"251",2002,"United States",653.013688,102.86491,35.230941,425.25693,0,89.660907,0,2.27036331966929
"73",2010,"Hungary",22.4750451428571,0.83112,0.72984,19.0732165714286,0,0.620064,1.22080457142857,2.24749934075152
"285",2000,"Finland",11.580963,3.373415,0.965509,4.211966,0,3.030073,0,2.23734455080929
"304",2000,"United Kingdom",131.610386,38.335325,10.967962,47.869776,0,34.437323,0,2.23475577897727
"258",2003,"Finland",11.530825,2.090289,0.772511,7.426473,0,1.241552,0,2.21193056454481
"166",2004,"Spain",94.3472967272727,16.6486341818182,1.23023018181818,66.4642527272727,0,3.97079672727273,6.03338290909091,2.19811582643311
"294",2000,"Netherlands",34.811714,10.140163,2.901921,12.661208,0,9.108422,0,2.18590848533419
"237",2002,"Italy",118.971101,18.194435,6.294598,78.163879,0,16.318189,0,2.08505382857434
"180",2006,"Greece",22.6813669090909,2.08662545454545,0.348351272727273,18.9431127272727,0,0,1.30327745454545,2.03823462674652
"291",2000,"Italy",115.971029,33.780851,9.667682,42.179052,0,30.343444,0,2.03664797587051
"220",2001,"Spain",80.549575,23.89947,7.875475,32.476861,0,16.297769,0,1.97638563705011
"328",2001,"Spain",80.549575,23.89947,7.875475,32.476861,0,16.297769,0,1.97638563705011
"214",2001,"New Zealand",7.633426,2.283552,0.740035,3.074174,0,1.535665,0,1.96712433964695
"322",2001,"New Zealand",7.633426,2.283552,0.740035,3.074174,0,1.535665,0,1.96712433964695
"264",2003,"Italy",111.879071,20.281221,7.495368,72.056223,0,12.046259,0,1.95206453563588
"112",2005,"Spain",85.0926665454545,5.91059781818182,0.57156,72.7133072727273,0,1.01034109090909,4.88686036363636,1.94929018303488
"225",2002,"Australia",38.226344,5.845966,2.022559,25.114515,0,5.243304,0,1.94522242690088
"46",2011,"Hungary",19.215986,0.671999,0.900504,15.443066,0,0.474481,1.725936,1.92704693981293
"228",2002,"Canada",60.113895,9.193465,3.1806,39.494413,0,8.245417,0,1.91677491869141
"282",2000,"Canada",58.333162,16.990365,4.858554,21.219328,0,15.264915,0,1.89579885406748
"190",2006,"Portugal",19.8371389090909,1.42286181818182,0.597579272727273,15.4117658181818,0,0,2.404932,1.88524956739447
"252",2003,"Australia",35.940208,6.515143,2.407811,23.147514,0,3.86974,0,1.80645817626185
"255",2003,"Canada",56.50612,10.243237,3.785604,36.393202,0,6.084077,0,1.78387801490087
"236",2002,"Ireland",6.922366,1.058654,0.366281,4.547882,0,0.949549,0,1.76054407650968
"40",2011,"Czech Republic",17.905658,0.573717,1.186768,13.201129,0,0.391843,2.552201,1.70593634504589
"279",2000,"Australia",31.633217,9.214317,2.636973,11.505162,0,8.276765,0,1.65160638020154
"263",2003,"Ireland",6.494712,1.177296,0.435092,4.183061,0,0.699263,0,1.62509142326539
"153",2004,"Greece",17.7974050909091,2.52232254545455,0.335824363636364,12.3054229090909,0,1.36490945454545,1.26892581818182,1.60979028158161
"379",2007,"Portugal",16.82088,2.22358690909091,4.55967163636364,7.04611090909091,0,1.55783563636364,1.43367490909091,1.59546025197468
"401",1998,"Luxembourg",0.658596,0.32072,0.130682,0.173299,0,0.014013,0.019882,1.55073228161055
"207",2001,"Greece",16.761491,5.109917,1.590695,6.735017,0,3.325862,0,1.53048321713287
"315",2001,"Greece",16.761491,5.109917,1.590695,6.735017,0,3.325862,0,1.53048321713287
"347",1999,"Luxembourg",0.656903,0.31085,0.131993,0.190413,0,0.003854,0.019793,1.52599570242174
"346",1999,"Japan",192.905752,91.876398,38.854883,55.235308,0,1.132633,5.80653,1.52314056060008
"241",2002,"New Zealand",5.663591,0.8662,0.299687,3.720799,0,0.776905,0,1.43436520197543
"247",2002,"Spain",59.182417,9.050791,3.131268,38.882827,0,8.117531,0,1.42843812438818
"400",1998,"Japan",180.305909,88.348682,35.761242,47.094415,0,3.817833,5.283737,1.42635795427577
"217",2001,"Portugal",14.679243,4.385477,1.42468,5.913394,0,2.955692,0,1.41654316308013
"325",2001,"Portugal",14.679243,4.385477,1.42468,5.913394,0,2.955692,0,1.41654316308013
"301",2000,"Spain",55.266873,16.098496,4.607141,20.100802,0,14.460434,0,1.37263930928915
"404",1998,"Norway",5.998793,2.914803,1.19344,1.585749,0,0.128458,0.176343,1.35368198861595
"350",1999,"Norway",5.898425,2.78849,1.18443,1.712985,0,0.034573,0.177947,1.32194980045554
"268",2003,"New Zealand",5.323692,0.965059,0.356657,3.42877,0,0.573206,0,1.32193384982122
"274",2003,"Spain",55.638897,10.08606,3.727519,35.834596,0,5.990722,0,1.31884339597529
"394",1998,"France",78.00249,37.893998,15.646269,20.433118,0,1.683979,2.345126,1.29604152703511
"392",1998,"Denmark",6.832373,3.320271,1.357209,1.803569,0,0.145868,0.205456,1.28810160364796
"338",1999,"Denmark",6.685324,3.159654,1.341931,1.942896,0,0.039164,0.201679,1.25621505058722
"290",2000,"Ireland",4.778413,1.391877,0.398307,1.737954,0,1.250275,0,1.25576727897331
"340",1999,"France",75.767366,35.664852,15.422357,21.912012,0,0.45021,2.317935,1.25244693528292
"410",1998,"Sweden",10.924447,5.301226,2.169593,2.887895,0,0.233346,0.332387,1.23426495208324
"295",2000,"New Zealand",4.714421,1.373241,0.392972,1.714677,0,1.233531,0,1.2220807735179
"356",1999,"Sweden",10.492957,4.950841,2.104586,3.05943,0,0.061438,0.316662,1.18459090747961
"395",1998,"Germany",95.645532,46.515763,19.017331,25.246,0,2.0447,2.821738,1.16573798775205
"388",1998,"Austria",9.269939,4.503599,1.844241,2.450856,0,0.198525,0.272718,1.16211410380794
"341",1999,"Germany",94.846116,44.878822,19.050013,27.500517,0,0.555888,2.860876,1.15524768909636
"234",2002,"Greece",12.656881,1.935471,0.669665,8.315699,0,1.736046,0,1.15233068058981
"413",1998,"United States",314.156848,154.159889,62.549797,82.578161,0,5.411688,9.457313,1.13885188541765
"334",1999,"Austria",9.101252,4.302476,1.827358,2.643476,0,0.053333,0.274609,1.13874912979003
"277",2003,"United Kingdom",65.973228,15.235063,5.543002,37.508937,0,7.686226,0,1.10605042682622
"67",2010,"Czech Republic",11.5278908571429,0.699582857142857,0.87186,8.516808,0,0.277729714285714,1.16191028571429,1.10057663391064
"359",1999,"United States",302.896668,143.225154,61.002482,87.111473,0,2.172604,9.384955,1.08549551318807
"261",2003,"Greece",11.906298,2.158365,0.797671,7.668277,0,1.281985,0,1.08059065970469
"72",2010,"Greece",11.8846885714286,1.79071371428571,0,7.86540342857143,0,0,2.22857142857143,1.06556126918173
"389",1998,"Belgium",10.863499,5.277659,2.161529,2.872543,0,0.23271,0.319058,1.06473492915031
"412",1998,"United Kingdom",61.037145,29.646407,12.235398,15.984038,0,1.316273,1.855029,1.04359939563467
"335",1999,"Belgium",10.667734,5.043027,2.141921,3.098393,0,0.062515,0.321878,1.04315440233771
"244",2002,"Portugal",10.862019,1.661106,0.574702,7.136345,0,1.489866,0,1.04245716570961
"393",1998,"Finland",5.366682,2.609093,1.064531,1.414341,0,0.114231,0.164486,1.0413668541251
"402",1998,"Netherlands",16.075833,7.811862,3.195947,4.246678,0,0.343756,0.47759,1.02346845960985
"339",1999,"Finland",5.244597,2.47853,1.052585,1.524587,0,0.030719,0.158176,1.01531766494227
"358",1999,"United Kingdom",58.987707,27.755471,12.003388,17.073763,0,0.350393,1.804692,1.00520157077243
"348",1999,"Netherlands",15.774677,7.456672,3.167113,4.582569,0,0.09244,0.475883,0.997634025310256
"271",2003,"Portugal",10.20566,1.850034,0.683718,6.573065,0,1.098843,0,0.975794499207894
"399",1998,"Italy",53.544069,26.017762,10.646247,14.1467,0,1.145286,1.588074,0.940909024772178
"278",2003,"United States",271.783065,65.270755,22.99009,151.926047,0,31.596173,0,0.936834309181059
"390",1998,"Canada",28.027576,13.586873,5.569994,7.421592,0,0.599821,0.849296,0.92659576367285
"345",1999,"Italy",52.539294,24.835722,10.548332,15.262308,0,0.30787,1.585062,0.923097220081897
"7",2012,"Czech Republic",9.575942,0.448271,0.592817,7.736993,0,0.258162,0.539699,0.911058688765872
"298",2000,"Portugal",9.159847,2.668707,0.765981,3.329691,0,2.395468,0,0.890178600409839
"336",1999,"Canada",26.664491,12.569788,5.346176,7.787447,0,0.156089,0.804991,0.874268538191166
"387",1998,"Australia",14.615879,7.102927,2.904772,3.859681,0,0.312332,0.436167,0.781138314360537
"333",1999,"Australia",14.334293,6.775547,2.877796,4.164544,0,0.083995,0.432411,0.757386293987108
"13",2012,"Hungary",7.221859,0.308088,0.84754,4.945201,0,0.143506,0.977524,0.727983414314921
"288",2000,"Greece",7.444908,2.169568,0.623625,2.70536,0,1.946355,0,0.681925374367459
"370",2007,"Hungary",6.68039127272727,0.635869090909091,0.0913745454545454,5.29343236363636,0,0.277018909090909,0.382696363636364,0.664333477860494
"409",1998,"Spain",25.488335,12.383432,5.071073,6.738726,0,0.54589,0.749214,0.641682377037418
"355",1999,"Spain",25.0386,11.83686,5.027482,7.272066,0,0.146737,0.755455,0.62712097208785
"163",2004,"Portugal",6.550824,1.771896,0.430000363636364,3.48029454545455,0,0.618049090909091,0.250584,0.624848421778961
"54",2011,"Poland",24.017803,0.997109,1.367438,18.044905,0,0.453182,3.155169,0.623286062803969
"398",1998,"Ireland",2.211038,1.074048,0.439846,0.584619,0,0.047348,0.065177,0.595534350240364
"364",2007,"Czech Republic",6.02588836363636,0.648569454545454,1.03156363636364,3.41728363636364,0,0.226194545454545,0.702277090909091,0.585104285652698
"344",1999,"Ireland",2.166498,1.023966,0.434961,0.629507,0,0.012695,0.065369,0.576996398729515
"403",1998,"New Zealand",2.198566,1.068006,0.436606,0.580481,0,0.046924,0.066549,0.576295150720839
"349",1999,"New Zealand",2.13862,1.010254,0.429163,0.622154,0,0.012526,0.064523,0.557643868478006
"181",2006,"Hungary",5.44371163636364,0.572568,0.178335272727273,3.99219054545455,0,0,0.700617818181818,0.540513515043137
"81",2010,"Poland",20.4006462857143,1.38645771428571,1.41605142857143,15.3301662857143,0,0.0964165714285714,2.17155428571429,0.53427654686951
"121",2008,"Czech Republic",5.3061675,0.510099,0.025473,3.171921,0,1.5986745,0,0.510964887150717
"162",2004,"Poland",16.6549527272727,2.85680509090909,0.648824727272727,11.4914356363636,0,1.32676909090909,0.331118181818182,0.436196528845283
"352",1999,"Portugal",3.991686,1.918676,0.809285,1.120703,0,0.023634,0.119388,0.390658954133892
"20",2012,"Mexico",44.455634,1.962579,3.552485,34.402516,0,0.580926,3.957128,0.367865636119155
"24",2012,"Poland",13.988871,0.78318,0.703229,11.556002,0,0.306241,0.640219,0.363009059117462
"154",2004,"Hungary",3.43812436363636,0.637248,0.101294181818182,2.34520036363636,0,0.126483272727273,0.227898545454545,0.340167679382488
"418",2009,"Czech Republic",3.46401085714286,0.613904571428571,0.0335365714285714,2.73159771428571,0,0.084972,0,0.331676764392275
"406",1998,"Portugal",3.22843,1.608387,0.631943,0.830642,0,0.066416,0.091042,0.317752728392248
"378",2007,"Poland",11.6485112727273,1.15253345454545,1.93642363636364,7.51522581818182,0,0.449115272727273,0.595213090909091,0.305570309040581
"342",1999,"Greece",3.227493,1.547814,0.649013,0.91518,0,0.018899,0.096587,0.296574249856192
"369",2007,"Greece",3.23601709090909,1.02723054545455,0,1.20864,0,0,1.00014654545455,0.289887711208867
"175",2006,"Czech Republic",2.89920545454545,0.267482181818182,0.0698018181818182,2.28100581818182,0,0,0.280915636363636,0.283155815978369
"148",2004,"Czech Republic",2.87552836363636,0.469625454545455,0.0500803636363636,2.13711818181818,0,0.087264,0.131440363636364,0.281994696335753
"100",2005,"Hungary",2.66261672727273,0.241193454545455,0.0652145454545455,2.11217781818182,0,0.0485585454545455,0.195472363636364,0.263963472030764
"396",1998,"Greece",2.836894,1.399776,0.552653,0.745211,0,0.058602,0.080652,0.261829757228506
"94",2005,"Czech Republic",2.54813127272727,0.386152363636364,0.0522021818181818,1.81023054545455,0,0.0210741818181818,0.278472,0.249542395342533
"283",2000,"Czech Republic",2.316622,0.674026,0.190667,0.844503,0,0.607426,0,0.225900318701114
"189",2006,"Poland",8.04344618181818,0.673820727272727,0.175842545454545,6.52993636363636,0,0,0.663846545454545,0.2108856583081
"4",2012,"Brazil",35.108939,1.496892,3.576946,25.88619,0,0.757341,3.39157,0.176732319396776
"391",1998,"Czech Republic",1.68069,0.819014,0.327439,0.44602,0,0.035883,0.052334,0.163262978716625
"135",2008,"Poland",6.0774645,1.332225,0.23691,4.5083295,0,0,0,0.159405731437373
"6",2012,"China",197.761292,6.376792,11.138077,163.420861,0,6.138166,10.687396,0.146414469587879
"127",2008,"Hungary",1.3662525,0.648588,0,0.7176645,0,0,0,0.136105490353438
"262",2003,"Hungary",1.295932,0.234712,0.086467,0.838535,0,0.136218,0,0.127935766557099
"432",2009,"Poland",4.47865714285714,0.171428571428571,0,4.30722857142857,0,0,0,0.117391059557838
"337",1999,"Czech Republic",1.182072,0.54068,0.233854,0.364676,0,0.006858,0.036004,0.114944388585609
"235",2002,"Hungary",1.072596,0.205047,0.054665,0.678975,0,0.133909,0,0.105584938408884
"208",2001,"Hungary",1.045362,0.337642,0.092925,0.424702,0,0.190093,0,0.102611455364848
"316",2001,"Hungary",1.045362,0.337642,0.092925,0.424702,0,0.190093,0,0.102611455364848
"108",2005,"Poland",3.42379854545454,0.531531272727273,0,2.89226727272727,0,0,0,0.0897093824007554
"33",2012,"Turkey",6.245207,0.475501,0.349349,4.950173,0,0.152137,0.318047,0.0843979647426316
"216",2001,"Poland",2.946918,0.958311,0.254523,1.204638,0,0.529446,0,0.0770474833819092
"324",2001,"Poland",2.946918,0.958311,0.254523,1.204638,0,0.529446,0,0.0770474833819092
"270",2003,"Poland",2.496474,0.453922,0.167822,1.605012,0,0.269718,0,0.0653449050728748
"243",2002,"Poland",2.45789,0.460693,0.118022,1.57321,0,0.305965,0,0.0642915667766072
"289",2000,"Hungary",0.51197,0.14913,0.042674,0.186208,0,0.133958,0,0.0501392081125292
"343",1999,"Hungary",0.304899,0.152995,0.046597,0.096945,0,0.00136,0.007002,0.0297824768279067
"424",2009,"Hungary",0.292808571428571,0,1.71428571428571e-06,0.292806857142857,0,0,0,0.0292146887300265
"397",1998,"Hungary",0.284085,0.137768,0.047108,0.086837,0,0.005053,0.007319,0.0276708774205991
"15",2012,"Indonesia",5.711698,0.198257,0.358867,4.368595,0,0.058684,0.727295,0.0231370049129564
"297",2000,"Poland",0.841585,0.245026,0.069768,0.306392,0,0.220399,0,0.0219972597554397
"405",1998,"Poland",0.589751,0.282338,0.097982,0.183421,0,0.010659,0.015351,0.0152534377336588
"351",1999,"Poland",0.52854,0.261961,0.080253,0.171749,0,0.002346,0.012231,0.0136713992511848
"14",2012,"India",9.185433,0.496176,0.864081,6.597912,0,0.251037,0.976227,0.00742745334151446
"84",2010,"South Korea",210.961381714286,6.78118457142857,13.3858217142857,160.358832,0,6.80674285714286,23.6288005714286,0
"381",2007,"South Korea",201.250053818182,13.3097978181818,24.5328338181818,143.351364,0,5.23992109090909,14.8161370909091,0
"27",2012,"Russia",160.93769,1.030232,11.178388,137.963449,0,2.436634,8.328987,0
"192",2006,"South Korea",70.0421727272727,14.6427665454545,2.44258036363636,42.6679745454545,0,0.492754909090909,9.79609636363636,0
"435",2009,"South Korea",50.4818948571429,0.465408,18.1170445714286,31.8994422857143,0,0,0,0
"111",2005,"South Korea",45.0012207272727,3.67782,1.64861236363636,39.6747883636364,0,0,0,0
"273",2003,"South Korea",27.667448,5.03743,1.862731,17.77358,0,2.993707,0,0
"165",2004,"South Korea",26.0605363636364,2.78740581818182,0,23.0631829090909,0,0.209947636363636,0,0
"246",2002,"South Korea",23.110789,3.934683,1.196664,14.877196,0,3.102246,0,0
"138",2008,"South Korea",17.83299,7.299561,4.954599,5.57883,0,0,0,0
"219",2001,"South Korea",17.394198,6.307985,1.496764,6.657222,0,2.932227,0,0
"327",2001,"South Korea",17.394198,6.307985,1.496764,6.657222,0,2.932227,0,0
"300",2000,"South Korea",4.286207,1.248642,0.357697,1.558601,0,1.121267,0,0
"56",2011,"Slovakia",3.962362,0.156598,0.230517,3.126903,0,0.08733,0.361014,0
"26",2012,"Slovakia",3.341086,0.148719,0.239369,2.554139,0,0.100132,0.298727,0
"83",2010,"Slovakia",3.258576,0.245509714285714,0.249953142857143,2.37260914285714,0,0.075336,0.315168,0
"354",1999,"South Korea",2.523913,1.269446,0.386258,0.799004,0,0.011267,0.057938,0
"408",1998,"South Korea",2.271141,1.103138,0.377495,0.694711,0,0.040555,0.055242,0
"137",2008,"Slovakia",1.777098,0.1750875,0.0407775,1.1131965,0,0.399585,0.0484515,0
"380",2007,"Slovakia",1.14010036363636,0.141344727272727,0.238470545454545,0.665952,0,0.0486032727272727,0.0457298181818182,0
"110",2005,"Slovakia",1.08760145454545,0.153514909090909,0.00991090909090909,0.799214181818182,0,0.00650618181818182,0.118455272727273,0
"434",2009,"Slovakia",0.813738857142857,0.138042857142857,0.00751885714285714,0.649126285714286,0,0.0190508571428571,0,0
"191",2006,"Slovakia",0.809701090909091,0.0745450909090909,0.0194541818181818,0.637413818181818,0,0,0.078288,0
"164",2004,"Slovakia",0.390504,0.0879501818181818,0.0108490909090909,0.272636727272727,0,0.019068,0,0
"218",2001,"Slovakia",0.367977,0.119974,0.032316,0.149338,0,0.066349,0,0
"326",2001,"Slovakia",0.367977,0.119974,0.032316,0.149338,0,0.066349,0,0
"245",2002,"Slovakia",0.329841,0.062091,0.015911,0.210597,0,0.041242,0,0
"272",2003,"Slovakia",0.28491,0.051655,0.019089,0.183484,0,0.030682,0,0
"407",1998,"Slovakia",0.281155,0.146247,0.042408,0.079793,0,0.002251,0.010456,0
"299",2000,"Slovakia",0.151272,0.04402,0.012469,0.055129,0,0.039654,0,0
"29",2012,"South Korea",0.147884,0.006502,0.011326,0.11397,0,0.00329,0.012796,0
"353",1999,"Slovakia",0.099794,0.049011,0.015082,0.032942,0,0.000442,0.002317,0
"57",2011,"South Korea",0.077616,0.006764,0.006604,0.054374,0,0.000989,0.008885,0
"202",2001,"Czech Republic",0,0,0,0,0,0,0,0
"215",2001,"Norway",0,0,0,0,0,0,0,0
"222",2001,"Switzerland",0,0,0,0,0,0,0,0
"229",2002,"Czech Republic",0,0,0,0,0,0,0,0
"242",2002,"Norway",0,0,0,0,0,0,0,0
"249",2002,"Switzerland",0,0,0,0,0,0,0,0
"256",2003,"Czech Republic",0,0,0,0,0,0,0,0
"269",2003,"Norway",0,0,0,0,0,0,0,0
"303",2000,"Switzerland",0,0,0,0,0,0,0,0
"310",2001,"Czech Republic",0,0,0,0,0,0,0,0
"323",2001,"Norway",0,0,0,0,0,0,0,0
"330",2001,"Switzerland",0,0,0,0,0,0,0,0
"357",1999,"Switzerland",0,0,0,0,0,0,0,0
"411",1998,"Switzerland",0,0,0,0,0,0,0,0
